gss-cliques	LVg13g30
gss-cliques	LVg13g31
gss-cliques	LVg13g91
gss-cliques	LVg14g15.core1
gss-cliques	LVg14g29
gss-cliques	LVg14g47
gss-cliques	LVg14g58
gss-cliques	LVg14g68
gss-cliques	LVg15g27
gss-cliques	LVg15g29
gss-cliques	LVg16g46
gss-cliques	LVg16g48
gss-cliques	LVg16g98
gss-cliques	LVg22g29
gss-cliques	LVg22g30
gss-cliques	LVg22g51
gss-cliques	LVg24g30
gss-cliques	LVg24g46
gss-cliques	LVg24g69
gss-cliques	LVg24g92
gss-cliques	LVg25g30
gss-cliques	LVg25g47
gss-cliques	LVg33g96
gss-cliques	LVg33g98
gss-cliques	LVg33g99
gss-cliques	LVg35g70.core1
gss-cliques	LVg35g96
gss-cliques	LVg35g97
gss-cliques	LVg37g47
gss-cliques	LVg41g66
gss-cliques	LVg41g92
gss-cliques	LVg42g46
gss-cliques	LVg42g91
gss-cliques	LVg4g22
gss-cliques	LVg4g66
gss-cliques	LVg4g71
gss-cliques	LVg4g81
gss-cliques	LVg53g63
gss-cliques	LVg57g81
gss-cliques	LVg9g112
gss-cliques	LVg9g14
gss-lazy-base	cviu11_p11_t145
gss-lazy-base	cviu11_p24_t4
gss-lazy-base	cviu11_p29_t4
gss-norestarts	cviu11_p11_t145
gss-norestarts	cviu11_p24_t51
gss-nostaged	cviu11_p11_t145
gss-nostaged	cviu11_p29_t4
gss-nosupp	cviu11_p11_t100
gss-nosupp	cviu11_p11_t111
gss-nosupp	cviu11_p11_t145
gss-nosupp	cviu11_p11_t16
gss-nosupp	cviu11_p11_t26
gss-nosupp	cviu11_p11_t28
gss-nosupp	cviu11_p12_t143
gss-nosupp	cviu11_p12_t23
gss-nosupp	cviu11_p12_t33
gss-nosupp	cviu11_p12_t46
gss-nosupp	cviu11_p12_t51
gss-nosupp	cviu11_p14_t119
gss-nosupp	cviu11_p14_t143
gss-nosupp	cviu11_p14_t34.core1
gss-nosupp	cviu11_p14_t44
gss-nosupp	cviu11_p14_t49
gss-nosupp	cviu11_p14_t60.core1
gss-nosupp	cviu11_p14_t98.core1
gss-nosupp	cviu11_p15_t101
gss-nosupp	cviu11_p15_t130
gss-nosupp	cviu11_p15_t98
gss-nosupp	cviu11_p16_t127
gss-nosupp	cviu11_p16_t84
gss-nosupp	cviu11_p17_t11
gss-nosupp	cviu11_p17_t114
gss-nosupp	cviu11_p17_t145
gss-nosupp	cviu11_p17_t25
gss-nosupp	cviu11_p17_t26
gss-nosupp	cviu11_p17_t53
gss-nosupp	cviu11_p17_t84
gss-nosupp	cviu11_p19_t15
gss-nosupp	cviu11_p1_t61
gss-nosupp	cviu11_p20_t101
gss-nosupp	cviu11_p20_t84
gss-nosupp	cviu11_p20_t91
gss-nosupp	cviu11_p21_t1
gss-nosupp	cviu11_p21_t100
gss-nosupp	cviu11_p21_t136.core2
gss-nosupp	cviu11_p21_t138
gss-nosupp	cviu11_p21_t24
gss-nosupp	cviu11_p21_t29
gss-nosupp	cviu11_p21_t33
gss-nosupp	cviu11_p21_t5
gss-nosupp	cviu11_p21_t63
gss-nosupp	cviu11_p21_t7
gss-nosupp	cviu11_p22_t125
gss-nosupp	cviu11_p22_t33
gss-nosupp	cviu11_p23_t114
gss-nosupp	cviu11_p23_t119
gss-nosupp	cviu11_p23_t125
gss-nosupp	cviu11_p23_t41
gss-nosupp	cviu11_p24_t100
gss-nosupp	cviu11_p24_t101
gss-nosupp	cviu11_p24_t24
gss-nosupp	cviu11_p24_t26
gss-nosupp	cviu11_p26_t111
gss-nosupp	cviu11_p26_t143
gss-nosupp	cviu11_p26_t30
gss-nosupp	cviu11_p26_t5
gss-nosupp	cviu11_p26_t69
gss-nosupp	cviu11_p26_t7
gss-nosupp	cviu11_p26_t92
gss-nosupp	cviu11_p27_t125.core1
gss-nosupp	cviu11_p27_t30
gss-nosupp	cviu11_p27_t32
gss-nosupp	cviu11_p27_t40
gss-nosupp	cviu11_p27_t41
gss-nosupp	cviu11_p27_t47
gss-nosupp	cviu11_p27_t52
gss-nosupp	cviu11_p27_t7
gss-nosupp	cviu11_p27_t71
gss-nosupp	cviu11_p27_t75
gss-nosupp	cviu11_p28_t111
gss-nosupp	cviu11_p28_t13
gss-nosupp	cviu11_p28_t41
gss-nosupp	cviu11_p29_t100
gss-nosupp	cviu11_p29_t101
gss-nosupp	cviu11_p29_t139
gss-nosupp	cviu11_p29_t143
gss-nosupp	cviu11_p29_t56
gss-nosupp	cviu11_p29_t58
gss-nosupp	cviu11_p29_t66
gss-nosupp	cviu11_p29_t98
gss-nosupp	cviu11_p2_t125
gss-nosupp	cviu11_p2_t19
gss-nosupp	cviu11_p2_t23
gss-nosupp	cviu11_p2_t29
gss-nosupp	cviu11_p2_t32
gss-nosupp	cviu11_p2_t41
gss-nosupp	cviu11_p2_t74
gss-nosupp	cviu11_p2_t75
gss-nosupp	cviu11_p2_t77
gss-nosupp	cviu11_p2_t92
gss-nosupp	cviu11_p30_t30
gss-nosupp	cviu11_p30_t32
gss-nosupp	cviu11_p30_t61
gss-nosupp	cviu11_p30_t64.core1
gss-nosupp	cviu11_p30_t92
gss-nosupp	cviu11_p30_t94
gss-nosupp	cviu11_p33_t108
gss-nosupp	cviu11_p33_t46
gss-nosupp	cviu11_p34_t106
gss-nosupp	cviu11_p34_t111
gss-nosupp	cviu11_p34_t143
gss-nosupp	cviu11_p34_t144
gss-nosupp	cviu11_p34_t32
gss-nosupp	cviu11_p34_t33
gss-nosupp	cviu11_p34_t63
gss-nosupp	cviu11_p34_t65
gss-nosupp	cviu11_p34_t7
gss-nosupp	cviu11_p35_t100
gss-nosupp	cviu11_p35_t27
gss-nosupp	cviu11_p35_t30
gss-nosupp	cviu11_p36_t108
gss-nosupp	cviu11_p37_t119
gss-nosupp	cviu11_p37_t125
gss-nosupp	cviu11_p37_t139
gss-nosupp	cviu11_p37_t28
gss-nosupp	cviu11_p37_t30
gss-nosupp	cviu11_p37_t63
gss-nosupp	cviu11_p37_t64
gss-nosupp	cviu11_p37_t7
gss-nosupp	cviu11_p38_t108
gss-nosupp	cviu11_p38_t119
gss-nosupp	cviu11_p38_t32
gss-nosupp	cviu11_p38_t43
gss-nosupp	cviu11_p38_t53
gss-nosupp	cviu11_p38_t74
gss-nosupp	cviu11_p38_t81
gss-nosupp	cviu11_p39_t106
gss-nosupp	cviu11_p39_t143
gss-nosupp	cviu11_p39_t63
gss-nosupp	cviu11_p3_t100
gss-nosupp	cviu11_p3_t106
gss-nosupp	cviu11_p3_t121
gss-nosupp	cviu11_p3_t13
gss-nosupp	cviu11_p3_t139
gss-nosupp	cviu11_p3_t143
gss-nosupp	cviu11_p3_t18
gss-nosupp	cviu11_p3_t51
gss-nosupp	cviu11_p3_t59
gss-nosupp	cviu11_p3_t7
gss-nosupp	cviu11_p3_t79
gss-nosupp	cviu11_p3_t88
gss-nosupp	cviu11_p3_t95
gss-nosupp	cviu11_p40_t101
gss-nosupp	cviu11_p40_t24
gss-nosupp	cviu11_p40_t26
gss-nosupp	cviu11_p41_t62
gss-nosupp	cviu11_p41_t74
gss-nosupp	cviu11_p41_t94.core1
gss-nosupp	cviu11_p42_t114
gss-nosupp	cviu11_p42_t120
gss-nosupp	cviu11_p42_t63
gss-nosupp	cviu11_p42_t68
gss-nosupp	cviu11_p43_t114
gss-nosupp	cviu11_p43_t130
gss-nosupp	cviu11_p43_t26
gss-nosupp	cviu11_p43_t56
gss-nosupp	cviu11_p43_t79
gss-nosupp	cviu11_p43_t95
gss-nosupp	cviu11_p44_t1
gss-nosupp	cviu11_p44_t119
gss-nosupp	cviu11_p44_t32
gss-nosupp	cviu11_p44_t41
gss-nosupp	cviu11_p5_t101
gss-nosupp	cviu11_p5_t15
gss-nosupp	cviu11_p5_t26
gss-nosupp	cviu11_p5_t98
gss-nosupp	cviu11_p6_t1
gss-nosupp	cviu11_p6_t106
gss-nosupp	cviu11_p6_t139
gss-nosupp	cviu11_p6_t23
gss-nosupp	cviu11_p6_t30
gss-nosupp	cviu11_p6_t34
gss-nosupp	cviu11_p6_t51
gss-nosupp	cviu11_p6_t56
gss-nosupp	cviu11_p6_t60
gss-nosupp	cviu11_p6_t62
gss-nosupp	cviu11_p6_t65
gss-nosupp	cviu11_p6_t70
gss-nosupp	cviu11_p7_t100
gss-nosupp	cviu11_p7_t19
gss-nosupp	cviu11_p7_t49
gss-nosupp	cviu11_p7_t70
gss-nosupp	cviu11_p7_t83
gss-nosupp	cviu11_p8_t41
gss-nosupp	cviu11_p9_t107
gss-nosupp	cviu11_p9_t114
gss-nosupp	cviu11_p9_t139
gss-nosupp	cviu11_p9_t4
gss-nosupp	cviu11_p9_t46
gss-nosupp	cviu11_p9_t74
gss-nosupp	cviu11_p9_t76
gss-nosupp	cviu11_p9_t80
gss-nosupp	cviu11_p9_t92
gss-nosupp	cviu11_p9_t93
gss-nosupp	cviu11_p9_t94
gss-nosupp	cviu11_p9_t96
lad-alldiff-pl	LVg22g27
lad-alldiff-pl	LVg36g47
