gss-cliques	LVg35g42.core1
gss-lazy-base	cviu11_p11_t12
gss-lazy-base	cviu11_p11_t51
gss-lazy-base	cviu11_p11_t54
gss-lazy-base	cviu11_p24_t48
gss-lazy-base	cviu11_p24_t54
gss-lazy-base	cviu11_p29_t132
gss-lazy-base	cviu11_p29_t18
gss-norestarts	cviu11_p11_t51
gss-norestarts	cviu11_p24_t11
gss-norestarts	cviu11_p24_t54
gss-nostaged	cviu11_p11_t51
gss-nostaged	cviu11_p24_t12
gss-nostaged	cviu11_p24_t48
gss-nostaged	cviu11_p24_t51
gss-nostaged	cviu11_p24_t54
gss-nostaged	cviu11_p29_t132
gss-nosupp	cviu11_p12_t116
gss-nosupp	cviu11_p12_t12
gss-nosupp	cviu11_p12_t133
gss-nosupp	cviu11_p12_t138
gss-nosupp	cviu11_p12_t24
gss-nosupp	cviu11_p12_t28
gss-nosupp	cviu11_p12_t29
gss-nosupp	cviu11_p12_t29.core1
gss-nosupp	cviu11_p12_t35
gss-nosupp	cviu11_p12_t35.core1
gss-nosupp	cviu11_p12_t4
gss-nosupp	cviu11_p12_t40
gss-nosupp	cviu11_p12_t42
gss-nosupp	cviu11_p12_t43
gss-nosupp	cviu11_p12_t45
gss-nosupp	cviu11_p12_t45.core1
gss-nosupp	cviu11_p12_t47
gss-nosupp	cviu11_p12_t4.core1
gss-nosupp	cviu11_p12_t57
gss-nosupp	cviu11_p12_t58
gss-nosupp	cviu11_p12_t6
gss-nosupp	cviu11_p12_t67
gss-nosupp	cviu11_p12_t6.core1
gss-nosupp	cviu11_p12_t73
gss-nosupp	cviu11_p12_t76
gss-nosupp	cviu11_p12_t76.core1
gss-nosupp	cviu11_p12_t80
gss-nosupp	cviu11_p12_t80.core1
gss-nosupp	cviu11_p12_t83
gss-nosupp	cviu11_p12_t93
gss-nosupp	cviu11_p12_t98
gss-nosupp	cviu11_p12_t98.core1
gss-nosupp	cviu11_p12_t99
gss-nosupp	cviu11_p14_t104
gss-nosupp	cviu11_p14_t104.core1
gss-nosupp	cviu11_p14_t104.core2
gss-nosupp	cviu11_p14_t34
gss-nosupp	cviu11_p14_t68
gss-nosupp	cviu11_p14_t68.core1
gss-nosupp	cviu11_p18_t106
gss-nosupp	cviu11_p18_t108
gss-nosupp	cviu11_p18_t108.core1
gss-nosupp	cviu11_p18_t18.core1
gss-nosupp	cviu11_p18_t18.core2
gss-nosupp	cviu11_p18_t33
gss-nosupp	cviu11_p18_t4.core1
gss-nosupp	cviu11_p18_t63
gss-nosupp	cviu11_p18_t63.core1
gss-nosupp	cviu11_p18_t68
gss-nosupp	cviu11_p18_t68.core1
gss-nosupp	cviu11_p18_t85.core1
gss-nosupp	cviu11_p18_t88
gss-nosupp	cviu11_p18_t88.core1
gss-nosupp	cviu11_p18_t92
gss-nosupp	cviu11_p18_t92.core1
gss-nosupp	cviu11_p1_t121
gss-nosupp	cviu11_p1_t138
gss-nosupp	cviu11_p1_t19
gss-nosupp	cviu11_p1_t23
gss-nosupp	cviu11_p1_t23.core1
gss-nosupp	cviu11_p1_t29
gss-nosupp	cviu11_p1_t31
gss-nosupp	cviu11_p1_t32
gss-nosupp	cviu11_p1_t32.core1
gss-nosupp	cviu11_p1_t33
gss-nosupp	cviu11_p1_t33.core1
gss-nosupp	cviu11_p1_t45
gss-nosupp	cviu11_p1_t46
gss-nosupp	cviu11_p1_t46.core1
gss-nosupp	cviu11_p1_t52
gss-nosupp	cviu11_p1_t57
gss-nosupp	cviu11_p1_t57.core1
gss-nosupp	cviu11_p1_t69
gss-nosupp	cviu11_p1_t7
gss-nosupp	cviu11_p1_t71
gss-nosupp	cviu11_p1_t73
gss-nosupp	cviu11_p1_t75
gss-nosupp	cviu11_p21_t136
gss-nosupp	cviu11_p21_t136.core1
gss-nosupp	cviu11_p21_t2
gss-nosupp	cviu11_p21_t28
gss-nosupp	cviu11_p21_t31
gss-nosupp	cviu11_p21_t4
gss-nosupp	cviu11_p21_t47
gss-nosupp	cviu11_p21_t4.core1
gss-nosupp	cviu11_p21_t53
gss-nosupp	cviu11_p21_t53.core1
gss-nosupp	cviu11_p21_t93
gss-nosupp	cviu11_p21_t93.core1
gss-nosupp	cviu11_p22_t108
gss-nosupp	cviu11_p22_t108.core1
gss-nosupp	cviu11_p22_t113
gss-nosupp	cviu11_p22_t113.core1
gss-nosupp	cviu11_p22_t136
gss-nosupp	cviu11_p22_t139
gss-nosupp	cviu11_p22_t139.core1
gss-nosupp	cviu11_p22_t146
gss-nosupp	cviu11_p22_t16
gss-nosupp	cviu11_p22_t16.core1
gss-nosupp	cviu11_p22_t24
gss-nosupp	cviu11_p22_t24.core1
gss-nosupp	cviu11_p22_t25
gss-nosupp	cviu11_p22_t25.core1
gss-nosupp	cviu11_p22_t40
gss-nosupp	cviu11_p22_t40.core1
gss-nosupp	cviu11_p22_t45
gss-nosupp	cviu11_p22_t49
gss-nosupp	cviu11_p22_t49.core1
gss-nosupp	cviu11_p22_t52
gss-nosupp	cviu11_p22_t52.core1
gss-nosupp	cviu11_p22_t63
gss-nosupp	cviu11_p22_t63.core1
gss-nosupp	cviu11_p22_t73
gss-nosupp	cviu11_p22_t73.core1
gss-nosupp	cviu11_p22_t81
gss-nosupp	cviu11_p22_t83
gss-nosupp	cviu11_p22_t98
gss-nosupp	cviu11_p22_t98.core1
gss-nosupp	cviu11_p23_t1
gss-nosupp	cviu11_p23_t111
gss-nosupp	cviu11_p23_t111.core1
gss-nosupp	cviu11_p23_t115
gss-nosupp	cviu11_p23_t115.core1
gss-nosupp	cviu11_p23_t12
gss-nosupp	cviu11_p23_t121
gss-nosupp	cviu11_p23_t124
gss-nosupp	cviu11_p23_t12.core1
gss-nosupp	cviu11_p23_t13
gss-nosupp	cviu11_p23_t138
gss-nosupp	cviu11_p23_t13.core1
gss-nosupp	cviu11_p23_t14
gss-nosupp	cviu11_p23_t19
gss-nosupp	cviu11_p23_t19.core1
gss-nosupp	cviu11_p23_t1.core1
gss-nosupp	cviu11_p23_t25
gss-nosupp	cviu11_p23_t25.core1
gss-nosupp	cviu11_p23_t30
gss-nosupp	cviu11_p23_t30.core1
gss-nosupp	cviu11_p23_t40
gss-nosupp	cviu11_p23_t40.core1
gss-nosupp	cviu11_p23_t45
gss-nosupp	cviu11_p23_t49
gss-nosupp	cviu11_p23_t49.core1
gss-nosupp	cviu11_p23_t5
gss-nosupp	cviu11_p23_t5.core1
gss-nosupp	cviu11_p23_t60
gss-nosupp	cviu11_p23_t60.core1
gss-nosupp	cviu11_p23_t62
gss-nosupp	cviu11_p23_t62.core1
gss-nosupp	cviu11_p23_t63
gss-nosupp	cviu11_p23_t63.core1
gss-nosupp	cviu11_p23_t66
gss-nosupp	cviu11_p23_t69
gss-nosupp	cviu11_p23_t69.core1
gss-nosupp	cviu11_p23_t79
gss-nosupp	cviu11_p23_t79.core1
gss-nosupp	cviu11_p23_t9
gss-nosupp	cviu11_p23_t97
gss-nosupp	cviu11_p23_t97.core1
gss-nosupp	cviu11_p23_t99
gss-nosupp	cviu11_p26_t104
gss-nosupp	cviu11_p26_t104.core1
gss-nosupp	cviu11_p26_t33
gss-nosupp	cviu11_p26_t33.core1
gss-nosupp	cviu11_p27_t107
gss-nosupp	cviu11_p27_t122
gss-nosupp	cviu11_p27_t125
gss-nosupp	cviu11_p27_t128
gss-nosupp	cviu11_p27_t128.core1
gss-nosupp	cviu11_p27_t136
gss-nosupp	cviu11_p27_t136.core1
gss-nosupp	cviu11_p27_t143
gss-nosupp	cviu11_p27_t36.core1
gss-nosupp	cviu11_p27_t39
gss-nosupp	cviu11_p27_t45
gss-nosupp	cviu11_p27_t45.core1
gss-nosupp	cviu11_p27_t51
gss-nosupp	cviu11_p27_t54
gss-nosupp	cviu11_p27_t62
gss-nosupp	cviu11_p27_t62.core1
gss-nosupp	cviu11_p27_t65
gss-nosupp	cviu11_p27_t65.core1
gss-nosupp	cviu11_p27_t73
gss-nosupp	cviu11_p27_t73.core1
gss-nosupp	cviu11_p27_t76
gss-nosupp	cviu11_p27_t82
gss-nosupp	cviu11_p27_t88
gss-nosupp	cviu11_p27_t88.core1
gss-nosupp	cviu11_p27_t9
gss-nosupp	cviu11_p27_t90
gss-nosupp	cviu11_p28_t100
gss-nosupp	cviu11_p28_t100.core1
gss-nosupp	cviu11_p28_t116
gss-nosupp	cviu11_p28_t121
gss-nosupp	cviu11_p28_t121.core1
gss-nosupp	cviu11_p28_t125
gss-nosupp	cviu11_p28_t125.core1
gss-nosupp	cviu11_p28_t136
gss-nosupp	cviu11_p28_t136.core1
gss-nosupp	cviu11_p28_t139
gss-nosupp	cviu11_p28_t139.core1
gss-nosupp	cviu11_p28_t145
gss-nosupp	cviu11_p28_t2
gss-nosupp	cviu11_p28_t23
gss-nosupp	cviu11_p28_t23.core1
gss-nosupp	cviu11_p28_t28
gss-nosupp	cviu11_p28_t29
gss-nosupp	cviu11_p28_t29.core1
gss-nosupp	cviu11_p28_t2.core1
gss-nosupp	cviu11_p28_t35
gss-nosupp	cviu11_p28_t38
gss-nosupp	cviu11_p28_t46
gss-nosupp	cviu11_p28_t46.core1
gss-nosupp	cviu11_p28_t48
gss-nosupp	cviu11_p28_t48.core1
gss-nosupp	cviu11_p28_t5
gss-nosupp	cviu11_p28_t54
gss-nosupp	cviu11_p28_t57
gss-nosupp	cviu11_p28_t5.core1
gss-nosupp	cviu11_p28_t60
gss-nosupp	cviu11_p28_t60.core1
gss-nosupp	cviu11_p28_t64
gss-nosupp	cviu11_p28_t71
gss-nosupp	cviu11_p28_t71.core1
gss-nosupp	cviu11_p28_t75
gss-nosupp	cviu11_p28_t75.core1
gss-nosupp	cviu11_p28_t80
gss-nosupp	cviu11_p28_t80.core1
gss-nosupp	cviu11_p28_t87
gss-nosupp	cviu11_p28_t87.core1
gss-nosupp	cviu11_p28_t94
gss-nosupp	cviu11_p28_t94.core1
gss-nosupp	cviu11_p2_t11
gss-nosupp	cviu11_p2_t115
gss-nosupp	cviu11_p2_t115.core1
gss-nosupp	cviu11_p2_t11.core1
gss-nosupp	cviu11_p2_t131
gss-nosupp	cviu11_p2_t138
gss-nosupp	cviu11_p2_t38
gss-nosupp	cviu11_p2_t38.core1
gss-nosupp	cviu11_p2_t39
gss-nosupp	cviu11_p2_t40
gss-nosupp	cviu11_p2_t40.core1
gss-nosupp	cviu11_p2_t53
gss-nosupp	cviu11_p2_t53.core1
gss-nosupp	cviu11_p2_t58
gss-nosupp	cviu11_p2_t58.core1
gss-nosupp	cviu11_p2_t6
gss-nosupp	cviu11_p2_t64
gss-nosupp	cviu11_p2_t64.core1
gss-nosupp	cviu11_p2_t69
gss-nosupp	cviu11_p2_t69.core1
gss-nosupp	cviu11_p2_t6.core1
gss-nosupp	cviu11_p2_t82
gss-nosupp	cviu11_p2_t83
gss-nosupp	cviu11_p2_t83.core1
gss-nosupp	cviu11_p2_t94
gss-nosupp	cviu11_p2_t94.core1
gss-nosupp	cviu11_p2_t96
gss-nosupp	cviu11_p2_t96.core1
gss-nosupp	cviu11_p2_t98
gss-nosupp	cviu11_p2_t98.core1
gss-nosupp	cviu11_p30_t111
gss-nosupp	cviu11_p30_t116
gss-nosupp	cviu11_p30_t119
gss-nosupp	cviu11_p30_t12
gss-nosupp	cviu11_p30_t120
gss-nosupp	cviu11_p30_t120.core1
gss-nosupp	cviu11_p30_t124.core1
gss-nosupp	cviu11_p30_t132
gss-nosupp	cviu11_p30_t132.core1
gss-nosupp	cviu11_p30_t139
gss-nosupp	cviu11_p30_t141
gss-nosupp	cviu11_p30_t19
gss-nosupp	cviu11_p30_t28
gss-nosupp	cviu11_p30_t33
gss-nosupp	cviu11_p30_t33.core1
gss-nosupp	cviu11_p30_t45
gss-nosupp	cviu11_p30_t45.core1
gss-nosupp	cviu11_p30_t55
gss-nosupp	cviu11_p30_t56
gss-nosupp	cviu11_p30_t60
gss-nosupp	cviu11_p30_t64
gss-nosupp	cviu11_p30_t75
gss-nosupp	cviu11_p30_t77
gss-nosupp	cviu11_p30_t80
gss-nosupp	cviu11_p30_t85.core1
gss-nosupp	cviu11_p33_t104
gss-nosupp	cviu11_p33_t104.core1
gss-nosupp	cviu11_p33_t106
gss-nosupp	cviu11_p33_t106.core1
gss-nosupp	cviu11_p33_t111
gss-nosupp	cviu11_p33_t114
gss-nosupp	cviu11_p33_t114.core1
gss-nosupp	cviu11_p33_t139
gss-nosupp	cviu11_p33_t143
gss-nosupp	cviu11_p33_t143.core1
gss-nosupp	cviu11_p33_t44.core1
gss-nosupp	cviu11_p33_t51
gss-nosupp	cviu11_p33_t51.core1
gss-nosupp	cviu11_p33_t60
gss-nosupp	cviu11_p33_t60.core1
gss-nosupp	cviu11_p34_t13
gss-nosupp	cviu11_p35_t145
gss-nosupp	cviu11_p35_t34
gss-nosupp	cviu11_p35_t34.core1
gss-nosupp	cviu11_p35_t49
gss-nosupp	cviu11_p35_t49.core1
gss-nosupp	cviu11_p35_t62
gss-nosupp	cviu11_p35_t63
gss-nosupp	cviu11_p35_t63.core1
gss-nosupp	cviu11_p35_t71
gss-nosupp	cviu11_p35_t75
gss-nosupp	cviu11_p35_t79
gss-nosupp	cviu11_p35_t87
gss-nosupp	cviu11_p35_t94
gss-nosupp	cviu11_p35_t94.core1
gss-nosupp	cviu11_p36_t119.core1
gss-nosupp	cviu11_p36_t32
gss-nosupp	cviu11_p36_t32.core1
gss-nosupp	cviu11_p36_t33
gss-nosupp	cviu11_p36_t38
gss-nosupp	cviu11_p36_t62
gss-nosupp	cviu11_p36_t68
gss-nosupp	cviu11_p36_t68.core1
gss-nosupp	cviu11_p36_t74
gss-nosupp	cviu11_p36_t74.core1
gss-nosupp	cviu11_p36_t92
gss-nosupp	cviu11_p37_t100
gss-nosupp	cviu11_p37_t100.core1
gss-nosupp	cviu11_p37_t118
gss-nosupp	cviu11_p37_t118.core1
gss-nosupp	cviu11_p37_t124
gss-nosupp	cviu11_p37_t136
gss-nosupp	cviu11_p37_t145
gss-nosupp	cviu11_p37_t145.core1
gss-nosupp	cviu11_p37_t39
gss-nosupp	cviu11_p37_t39.core1
gss-nosupp	cviu11_p37_t46
gss-nosupp	cviu11_p37_t46.core1
gss-nosupp	cviu11_p37_t48
gss-nosupp	cviu11_p37_t55
gss-nosupp	cviu11_p37_t55.core1
gss-nosupp	cviu11_p37_t57
gss-nosupp	cviu11_p37_t57.core1
gss-nosupp	cviu11_p37_t60
gss-nosupp	cviu11_p37_t60.core1
gss-nosupp	cviu11_p37_t70
gss-nosupp	cviu11_p37_t70.core1
gss-nosupp	cviu11_p37_t74
gss-nosupp	cviu11_p37_t74.core1
gss-nosupp	cviu11_p37_t80
gss-nosupp	cviu11_p37_t80.core1
gss-nosupp	cviu11_p37_t81
gss-nosupp	cviu11_p37_t81.core1
gss-nosupp	cviu11_p37_t90
gss-nosupp	cviu11_p38_t106
gss-nosupp	cviu11_p38_t106.core1
gss-nosupp	cviu11_p38_t29
gss-nosupp	cviu11_p38_t29.core1
gss-nosupp	cviu11_p38_t38
gss-nosupp	cviu11_p38_t40
gss-nosupp	cviu11_p38_t40.core1
gss-nosupp	cviu11_p38_t54
gss-nosupp	cviu11_p38_t54.core1
gss-nosupp	cviu11_p38_t57
gss-nosupp	cviu11_p38_t60
gss-nosupp	cviu11_p38_t60.core1
gss-nosupp	cviu11_p38_t68
gss-nosupp	cviu11_p38_t76
gss-nosupp	cviu11_p38_t99
gss-nosupp	cviu11_p39_t100
gss-nosupp	cviu11_p39_t105
gss-nosupp	cviu11_p39_t109
gss-nosupp	cviu11_p39_t11
gss-nosupp	cviu11_p39_t111
gss-nosupp	cviu11_p39_t111.core1
gss-nosupp	cviu11_p39_t118
gss-nosupp	cviu11_p39_t118.core1
gss-nosupp	cviu11_p39_t121
gss-nosupp	cviu11_p39_t122
gss-nosupp	cviu11_p39_t131
gss-nosupp	cviu11_p39_t133
gss-nosupp	cviu11_p39_t135
gss-nosupp	cviu11_p39_t138
gss-nosupp	cviu11_p39_t19
gss-nosupp	cviu11_p39_t2
gss-nosupp	cviu11_p39_t24
gss-nosupp	cviu11_p39_t39
gss-nosupp	cviu11_p39_t40
gss-nosupp	cviu11_p39_t46
gss-nosupp	cviu11_p39_t46.core1
gss-nosupp	cviu11_p39_t51
gss-nosupp	cviu11_p39_t51.core1
gss-nosupp	cviu11_p39_t53
gss-nosupp	cviu11_p39_t54
gss-nosupp	cviu11_p39_t61
gss-nosupp	cviu11_p39_t61.core1
gss-nosupp	cviu11_p39_t64
gss-nosupp	cviu11_p39_t64.core1
gss-nosupp	cviu11_p39_t65
gss-nosupp	cviu11_p39_t66
gss-nosupp	cviu11_p39_t78
gss-nosupp	cviu11_p39_t80
gss-nosupp	cviu11_p39_t88
gss-nosupp	cviu11_p39_t93
gss-nosupp	cviu11_p39_t93.core1
gss-nosupp	cviu11_p3_t105
gss-nosupp	cviu11_p3_t105.core1
gss-nosupp	cviu11_p3_t107
gss-nosupp	cviu11_p3_t107.core1
gss-nosupp	cviu11_p3_t11
gss-nosupp	cviu11_p3_t11.core1
gss-nosupp	cviu11_p3_t12
gss-nosupp	cviu11_p3_t128
gss-nosupp	cviu11_p3_t128.core1
gss-nosupp	cviu11_p3_t12.core1
gss-nosupp	cviu11_p3_t56
gss-nosupp	cviu11_p3_t58
gss-nosupp	cviu11_p3_t58.core1
gss-nosupp	cviu11_p3_t65
gss-nosupp	cviu11_p3_t65.core1
gss-nosupp	cviu11_p3_t76
gss-nosupp	cviu11_p3_t76.core1
gss-nosupp	cviu11_p3_t78
gss-nosupp	cviu11_p3_t78.core1
gss-nosupp	cviu11_p3_t8
gss-nosupp	cviu11_p3_t8.core1
gss-nosupp	cviu11_p41_t49
gss-nosupp	cviu11_p41_t49.core1
gss-nosupp	cviu11_p41_t65
gss-nosupp	cviu11_p41_t65.core1
gss-nosupp	cviu11_p41_t94
gss-nosupp	cviu11_p42_t144
gss-nosupp	cviu11_p42_t144.core1
gss-nosupp	cviu11_p42_t48
gss-nosupp	cviu11_p42_t48.core1
gss-nosupp	cviu11_p42_t62
gss-nosupp	cviu11_p42_t62.core1
gss-nosupp	cviu11_p42_t62.core2
gss-nosupp	cviu11_p42_t71
gss-nosupp	cviu11_p42_t71.core1
gss-nosupp	cviu11_p42_t73
gss-nosupp	cviu11_p42_t73.core1
gss-nosupp	cviu11_p42_t81
gss-nosupp	cviu11_p42_t81.core1
gss-nosupp	cviu11_p44_t104.core1
gss-nosupp	cviu11_p44_t109
gss-nosupp	cviu11_p44_t109.core1
gss-nosupp	cviu11_p44_t146
gss-nosupp	cviu11_p44_t18
gss-nosupp	cviu11_p44_t18.core1
gss-nosupp	cviu11_p44_t29
gss-nosupp	cviu11_p44_t29.core1
gss-nosupp	cviu11_p44_t54
gss-nosupp	cviu11_p44_t54.core1
gss-nosupp	cviu11_p44_t55
gss-nosupp	cviu11_p44_t60
gss-nosupp	cviu11_p44_t60.core1
gss-nosupp	cviu11_p44_t60.core2
gss-nosupp	cviu11_p44_t71
gss-nosupp	cviu11_p44_t71.core1
gss-nosupp	cviu11_p44_t71.core2
gss-nosupp	cviu11_p44_t79
gss-nosupp	cviu11_p44_t79.core1
gss-nosupp	cviu11_p44_t81
gss-nosupp	cviu11_p44_t81.core1
gss-nosupp	cviu11_p44_t88
gss-nosupp	cviu11_p44_t94
gss-nosupp	cviu11_p6_t5
gss-nosupp	cviu11_p6_t55
gss-nosupp	cviu11_p6_t55.core1
gss-nosupp	cviu11_p6_t5.core1
gss-nosupp	cviu11_p6_t77
gss-nosupp	cviu11_p6_t77.core1
gss-nosupp	cviu11_p6_t82
gss-nosupp	cviu11_p6_t82.core1
gss-nosupp	cviu11_p7_t104
gss-nosupp	cviu11_p7_t104.core1
gss-nosupp	cviu11_p7_t121
gss-nosupp	cviu11_p7_t131
gss-nosupp	cviu11_p7_t138
gss-nosupp	cviu11_p7_t14
gss-nosupp	cviu11_p7_t18
gss-nosupp	cviu11_p7_t18.core1
gss-nosupp	cviu11_p7_t23
gss-nosupp	cviu11_p7_t23.core1
gss-nosupp	cviu11_p7_t36
gss-nosupp	cviu11_p7_t36.core1
gss-nosupp	cviu11_p7_t38
gss-nosupp	cviu11_p7_t38.core1
gss-nosupp	cviu11_p7_t4
gss-nosupp	cviu11_p7_t42
gss-nosupp	cviu11_p7_t42.core1
gss-nosupp	cviu11_p7_t43
gss-nosupp	cviu11_p7_t43.core1
gss-nosupp	cviu11_p7_t45
gss-nosupp	cviu11_p7_t48
gss-nosupp	cviu11_p7_t4.core1
gss-nosupp	cviu11_p7_t54
gss-nosupp	cviu11_p7_t57
gss-nosupp	cviu11_p7_t57.core1
gss-nosupp	cviu11_p7_t59
gss-nosupp	cviu11_p7_t59.core1
gss-nosupp	cviu11_p7_t69
gss-nosupp	cviu11_p7_t69.core1
gss-nosupp	cviu11_p7_t75
gss-nosupp	cviu11_p7_t75.core1
gss-nosupp	cviu11_p7_t81
gss-nosupp	cviu11_p7_t81.core1
gss-nosupp	cviu11_p7_t93
gss-nosupp	cviu11_p7_t93.core1
gss-nosupp	cviu11_p7_t96
gss-nosupp	cviu11_p8_t118
gss-nosupp	cviu11_p8_t125
gss-nosupp	cviu11_p8_t125.core1
gss-nosupp	cviu11_p8_t139
gss-nosupp	cviu11_p8_t49
gss-nosupp	cviu11_p8_t63
gss-nosupp	cviu11_p8_t68
gss-nosupp	cviu11_p8_t71
gss-nosupp	cviu11_p8_t98
gss-nosupp	cviu11_p9_t105
gss-nosupp	cviu11_p9_t105.core1
gss-nosupp	cviu11_p9_t116
gss-nosupp	cviu11_p9_t116.core1
gss-nosupp	cviu11_p9_t122
gss-nosupp	cviu11_p9_t122.core1
gss-nosupp	cviu11_p9_t131
gss-nosupp	cviu11_p9_t132
gss-nosupp	cviu11_p9_t132.core1
gss-nosupp	cviu11_p9_t137
gss-nosupp	cviu11_p9_t14
gss-nosupp	cviu11_p9_t146
gss-nosupp	cviu11_p9_t146.core1
gss-nosupp	cviu11_p9_t14.core1
gss-nosupp	cviu11_p9_t39
gss-nosupp	cviu11_p9_t39.core1
gss-nosupp	cviu11_p9_t43
gss-nosupp	cviu11_p9_t43.core1
gss-nosupp	cviu11_p9_t52
gss-nosupp	cviu11_p9_t52.core1
gss-nosupp	cviu11_p9_t59
gss-nosupp	cviu11_p9_t66
gss-nosupp	cviu11_p9_t66.core1
gss-nosupp	cviu11_p9_t77
gss-nosupp	cviu11_p9_t77.core1
gss-nosupp	cviu11_p9_t81
gss-nosupp	cviu11_p9_t81.core1
gss-nosupp	cviu11_p9_t83
gss-nosupp	cviu11_p9_t83.core1
gss-nosupp	cviu11_p9_t90
gss-nosupp	cviu11_p9_t90.core1
gss-nosupp	cviu11_p9_t95
